objectid,filename,title,identifier,object_location,collection_number_and_name_t,creator,date,description,findingaid,format,source,rightsstatement,location,latitude,longitude,subject,type,image_alt_text,object_location,display_template,thumbnail URL
2392695,Joseph_Smith_the_Mormon_prophet (1).jpg,"Joseph Smith, the Mormon prophet",ark:/87278/s6ch1zkd,https://collections.lib.utah.edu/ark:/87278/s6ch1zkd,P0716 Utah history stereographs photograph collection,Underwood & Underwood,1904,"Black and white stereograph of Joseph Smith, founder of the Church of Jesus Christ of Latter-day Saints.",https://archiveswest.orbiscascade.org/ark:80444/xv172074,image/jpeg,P0716n01_01_001,http://rightsstatements.org/vocab/NoC-US/1.0/,,,,"Smith, Joseph, Jr., 1805-1844--Photographs; Church of Jesus Christ of Latter-day Saints--History--Photographs",Image/StillImage,"Black and white stereograph of Joseph Smith, founder of the Church of Jesus Christ of Latter-day Saints.",,,https://collections.lib.utah.edu/dl_thumbs/da/89/da891698d5b3f9cd1edabff3ce94ee1cc56dd74b.jpg
2392696,Brigham_Young_the_great_leader_of_the_Nauvoo_exodus_and_colonizer_of_the_American_Desert.jpg,"Brigham Young, the great leader of the Nauvoo exodus, and colonizer of the American Desert",ark:/87278/s61tzx53,https://collections.lib.utah.edu/ark:/87278/s61tzx53,P0716 Utah history stereographs photograph collection,Underwood & Underwood,1904,"Black and white stereograph of Brigham Young, leader of the Church of Jesus Christ of Latter-day Saints who led the settlement of Utah.",https://archiveswest.orbiscascade.org/ark:80444/xv172074,image/jpeg,P0716n01_01_002,http://rightsstatements.org/vocab/NoC-US/1.0/,,,,"Young, Brigham, 1801-1877--Photographs; Church of Jesus Christ of Latter-day Saints--History--Photographs",Image/StillImage,"Black and white stereograph of Brigham Young, leader of the Church of Jesus Christ of Latter-day Saints who led the settlement of Utah.",,,https://collections.lib.utah.edu/dl_thumbs/da/89/da891698d5b3f9cd1edabff3ce94ee1cc56dd74b.jpg
2392697,Pres_Joseph_F_Smith_2nd_Coun_Anthon_H_Lund_1st_Coun_John_R_Winder.jpg,"Pres. Joseph F. Smith, 2nd Coun. Anthon H. Lund, 1st Coun. John R. Winder",ark:/87278/s6m9mjtr,https://collections.lib.utah.edu/ark:/87278/s6m9mjtr,P0716 Utah history stereographs photograph collection,Underwood & Underwood,1904,"Black and white stereograph of (left to right) Joseph F. Smith, President of the Church of Jesus Christ of Latter-day Saints, and his two counsellors, Anthon H. Lund and John R. Winder.",https://archiveswest.orbiscascade.org/ark:80444/xv172074,image/jpeg,P0716n01_01_003,http://rightsstatements.org/vocab/NoC-US/1.0/,,,,"Smith, Joseph F. (Joseph Fielding), 1838-1918--Photographs; Lund, Anthon H., 1844-1921--Photographs; Winder, John R. (John Rex), 1821-1910--Photographs; Church of Jesus Christ of Latter-day Saints--History--Photographs",Image/StillImage,"Black and white stereograph of (left to right) Joseph F. Smith, President of the Church of Jesus Christ of Latter-day Saints, and his two counsellors, Anthon H. Lund and John R. Winder.",,,https://collections.lib.utah.edu/dl_thumbs/9e/0c/9e0c82047b9a52dd467557d4316161d8c6152936.jpg
2392698,Old_Smith_homestead_scene_of_Joseph_Smith_s_first_visions_and_revelations_near_Palmyra_New_York.jpg,"Old Smith homestead, scene of Joseph Smith's first visions and revelations, near Palmyra, New York",ark:/87278/s6czgrrj,https://collections.lib.utah.edu/ark:/87278/s6czgrrj,P0716 Utah history stereographs photograph collection,Underwood & Underwood,1904,"Black and white stereograph of the Joseph Smith homestead in Palmyra, New York.",https://archiveswest.orbiscascade.org/ark:80444/xv172074,image/jpeg,P0716n01_01_004,http://rightsstatements.org/vocab/NoC-US/1.0/,Palmyra (N.Y.); Wayne County (N.Y.); New York (State),43.0639521,-77.2333154,"Smith, Joseph, Jr., 1805-1844--Homes and haunts--Photographs; Palmyra (N.Y.)--Photographs; Church of Jesus Christ of Latter-day Saints--History--Photographs",Image/StillImage,"Black and white stereograph of the Joseph Smith homestead in Palmyra, New York.",,,https://collections.lib.utah.edu/dl_thumbs/52/7d/527d127c9a385a5645dbfade627e95fb36f19974.jpg
2392699,Cumorah_Hill_where_the_Prophet_received_the_golden_plates_or_records_of_Book_of_Mormon_near_Palmyra_N_Y_.jpg,"Cumorah Hill, where the Prophet received the golden plates or records of Book of Mormon, near Palmyra, N.Y.",ark:/87278/s6gd2nmd,https://collections.lib.utah.edu/ark:/87278/s6gd2nmd,P0716 Utah history stereographs photograph collection,Underwood & Underwood,1904,"Black and white stereograph of Hill Cumorah near Palmyra, New York.",https://archiveswest.orbiscascade.org/ark:80444/xv172074,image/jpeg,P0716n01_01_005,http://rightsstatements.org/vocab/NoC-US/1.0/,Palmyra (N.Y.); Wayne County (N.Y.); New York (State),43.0639521,-77.2333154,"Smith, Joseph, Jr., 1805-1844--Homes and haunts--Photographs; Palmyra (N.Y.)--Photographs; Church of Jesus Christ of Latter-day Saints--History--Photographs",Image/StillImage,"Black and white stereograph of Hill Cumorah near Palmyra, New York.",,,https://collections.lib.utah.edu/dl_thumbs/07/08/0708039ed00fdb977e51f42db7b9bab2cf148958.jpg
2392700,Ruins_of_Jail_where_Joseph_Smith_Hyrum_Smith_and_other_Mormon_leaders_were_imprisoned_Liberty_Mo_.jpg,"Ruins of Jail where Joseph Smith, Hyrum Smith, and other Mormon leaders were imprisoned, Liberty, Mo.",ark:/87278/s6hcrgj6,https://collections.lib.utah.edu/ark:/87278/s6hcrgj6,P0716 Utah history stereographs photograph collection,Underwood & Underwood,1904,"Black and white stereograph of the ruins of the jail in Liberty, Missouri, where Joseph Smith and other Latter-day Saints were imprisoned in 1838.",https://archiveswest.orbiscascade.org/ark:80444/xv172074,image/jpeg,P0716n01_02_001,http://rightsstatements.org/vocab/NoC-US/1.0/,Liberty (Mo.); Clay County (Mo.); Missouri,39.2461138,-94.4191177,Liberty (Mo.)--Photographs; Church of Jesus Christ of Latter-day Saints--History--Photographs,Image/StillImage,"Black and white stereograph of the ruins of the jail in Liberty, Missouri, where Joseph Smith and other Latter-day Saints were imprisoned in 1838.",,,https://collections.lib.utah.edu/dl_thumbs/21/93/2193152fb18661a2c67d69405bcf2653a141c527.jpg
2392701,Apostle_Lyman_Wight_s_house_at_Adam_on_di_Ahman_near_Gallatin_Daviess_Co_Mo_.jpg,"Apostle Lyman Wight's house at Adam-on-di-Ahman near Gallatin, Daviess Co., Mo.",ark:/87278/s60c21ch,https://collections.lib.utah.edu/ark:/87278/s60c21ch,P0716 Utah history stereographs photograph collection,Underwood & Underwood,1904,"Black and white stereograph of the home of Lyman Wight, early Apostle of the Church of Jesus Christ of Latter-day Saints, near Gallatin, Missouri.",https://archiveswest.orbiscascade.org/ark:80444/xv172074,image/jpeg,P0716n01_02_002,http://rightsstatements.org/vocab/NoC-US/1.0/,Gallatin (Mo.); Daviess County (Mo.); Missouri,39.9144513,-93.9621669,"Wight, Lyman--Homes and haunts--Photographs; Gallatin (Mo.)--Photographs; Church of Jesus Christ of Latter-day Saints--History--Photographs",Image/StillImage,"Black and white stereograph of the home of Lyman Wight, early Apostle of the Church of Jesus Christ of Latter-day Saints, near Gallatin, Missouri.",,,https://collections.lib.utah.edu/dl_thumbs/db/e2/dbe2b7610a46fa20e6d7ef20a6a03ca7eb54b86a.jpg
2392702,Mormon_temple_at_Kirtland_Ohio.jpg,"Mormon temple at Kirtland, Ohio",ark:/87278/s61nyjkm,https://collections.lib.utah.edu/ark:/87278/s61nyjkm,P0716 Utah history stereographs photograph collection,Underwood & Underwood,1904,"Black and white stereograph of the Latter-day Saints temple in Kirtland, Ohio.",https://archiveswest.orbiscascade.org/ark:80444/xv172074,image/jpeg,P0716n01_02_003,http://rightsstatements.org/vocab/NoC-US/1.0/,Kirtland (Ohio); Lake County (Ohio),41.6289365,-81.3614985,Latter Day Saint temples--Ohio--Kirtland--Photographs; Kirtland (Ohio)--Photographs; Church of Jesus Christ of Latter-day Saints--History--Photographs,Image/StillImage,"Black and white stereograph of the Latter-day Saints temple in Kirtland, Ohio.",,,https://collections.lib.utah.edu/dl_thumbs/92/3c/923c5a321e660daa17b0818276989ac6ab0e7ffa.jpg
2392703,North_over_Temple_lot_site_marked_by_Mormon_prophecy_for_world_s_greatest_temple_Independence_Mo_.jpg,"North over Temple lot, site marked by Mormon prophecy for world's greatest temple, Independence, Mo.",ark:/87278/s6vv4yqx,https://collections.lib.utah.edu/ark:/87278/s6vv4yqx,P0716 Utah history stereographs photograph collection,Underwood & Underwood,1904,"Black and white stereograph of the property in Independence, Missouri, where a temple of the Church of Jesus Christ of Latter-day Saints is expected to be built in the future.",https://archiveswest.orbiscascade.org/ark:80444/xv172074,image/jpeg,P0716n01_02_004,http://rightsstatements.org/vocab/NoC-US/1.0/,Independence (Mo.); Jackson County (Mo.); Missouri,39.0911161,-94.4155068,Independence (Mo.)--Photographs; Church of Jesus Christ of Latter-day Saints--History--Photographs,Image/StillImage,"Black and white stereograph of the property in Independence, Missouri, where a temple of the Church of Jesus Christ of Latter-day Saints is expected to be built in the future.",,,https://collections.lib.utah.edu/dl_thumbs/6b/81/6b81e548f3f7f5ad61d4f23103b025794c71a668.jpg
2392704,Home_of_President_Wilford_Woodruff_Nauvoo_Illinois.jpg,"Home of President Wilford Woodruff, Nauvoo, Illinois",ark:/87278/s6j9p89z,https://collections.lib.utah.edu/ark:/87278/s6j9p89z,P0716 Utah history stereographs photograph collection,Underwood & Underwood,1904,"Black and white stereograph of the house of Wilford Woodruff, later President of the Church of Jesus Christ of Latter-day Saints, in Nauvoo, Illinois.",https://archiveswest.orbiscascade.org/ark:80444/xv172074,image/jpeg,P0716n01_03_001,http://rightsstatements.org/vocab/NoC-US/1.0/,Nauvoo (Ill.); Hancock County (Ill.); Illinois,40.5498127,-91.3834517,"Woodruff, Wilford, 1807-1898--Homes and haunts--Photographs; Nauvoo (Ill.)--Photographs; Church of Jesus Christ of Latter-day Saints--History--Photographs",Image/StillImage,"Black and white stereograph of the house of Wilford Woodruff, later President of the Church of Jesus Christ of Latter-day Saints, in Nauvoo, Illinois.",,,https://collections.lib.utah.edu/dl_thumbs/2b/44/2b4469866d0d1da9525c881b57a9ca118938f325.jpg
2392705,Home_of_President_Lorenzo_Snow_Nauvoo_Illinois.jpg,"Home of President Lorenzo Snow, Nauvoo, Illinois",ark:/87278/s6va6g6c,https://collections.lib.utah.edu/ark:/87278/s6va6g6c,P0716 Utah history stereographs photograph collection,Underwood & Underwood,1904,"Black and white stereograph of the house of Lorenzo Snow, later President of the Church of Jesus Christ of Latter-day Saints, in Nauvoo, Illinois.",https://archiveswest.orbiscascade.org/ark:80444/xv172074,image/jpeg,P0716n01_03_002,http://rightsstatements.org/vocab/NoC-US/1.0/,Nauvoo (Ill.); Hancock County (Ill.); Illinois,40.5498127,-91.3834517,"Snow, Lorenzo, 1814-1901--Homes and haunts--Photographs; Nauvoo (Ill.)--Photographs; Church of Jesus Christ of Latter-day Saints--History--Photographs",Image/StillImage,"Black and white stereograph of the house of Lorenzo Snow, later President of the Church of Jesus Christ of Latter-day Saints, in Nauvoo, Illinois.",,,https://collections.lib.utah.edu/dl_thumbs/35/17/3517dac90785fa919d145ee74b70bb45ebc9a2a8.jpg
2392706,Looking_east_along_Mulholland_Street_from_north_side_of_Temple_Block_Nauvoo_Illinois.jpg,"Looking east along Mulholland Street, from north side of Temple Block, Nauvoo, Illinois",ark:/87278/s6cvspd0,https://collections.lib.utah.edu/ark:/87278/s6cvspd0,P0716 Utah history stereographs photograph collection,Underwood & Underwood,1904,"Black and white stereograph of a view looking east along Mulholland Street in Nauvoo, Illinois.",https://archiveswest.orbiscascade.org/ark:80444/xv172074,image/jpeg,P0716n01_03_003,http://rightsstatements.org/vocab/NoC-US/1.0/,Nauvoo (Ill.); Hancock County (Ill.); Illinois,40.5498127,-91.3834517,Nauvoo (Ill.)--Photographs; Church of Jesus Christ of Latter-day Saints--History--Photographs,Image/StillImage,"Black and white stereograph of a view looking east along Mulholland Street in Nauvoo, Illinois.",,,https://collections.lib.utah.edu/dl_thumbs/12/66/126602694ab904e414c9f344e1204d227a223c17.jpg
2392707,Temple_of_Nauvoo_Illinois.jpg,"Temple of Nauvoo, Illinois",ark:/87278/s6j1ghtb,https://collections.lib.utah.edu/ark:/87278/s6j1ghtb,P0716 Utah history stereographs photograph collection,Underwood & Underwood,1904,"Black and white stereograph of the Latter-day Saints temple in Nauvoo, Illinois.",https://archiveswest.orbiscascade.org/ark:80444/xv172074,image/jpeg,P0716n01_03_004,http://rightsstatements.org/vocab/NoC-US/1.0/,Nauvoo (Ill.); Hancock County (Ill.); Illinois,40.5498127,-91.3834517,; Nauvoo (Ill.)--Photographs; Church of Jesus Christ of Latter-day Saints--History--Photographs,Image/StillImage,"Black and white stereograph of the Latter-day Saints temple in Nauvoo, Illinois.",,,https://collections.lib.utah.edu/dl_thumbs/6b/89/6b89539146d5a1921c0e1a4c4b6122e2f1bb6040.jpg
2392708,Home_of_President_Brigham_Young_Nauvoo_Illinois_facing_south_.jpg,"Home of President Brigham Young, Nauvoo, Illinois (facing south)",ark:/87278/s606v7am,https://collections.lib.utah.edu/ark:/87278/s606v7am,P0716 Utah history stereographs photograph collection,Underwood & Underwood,1904,"Black and white stereograph of the house of Brigham Young, second President of the Church of Jesus Christ of Latter-day Saints, in Nauvoo, Illinois.",https://archiveswest.orbiscascade.org/ark:80444/xv172074,image/jpeg,P0716n01_03_005,http://rightsstatements.org/vocab/NoC-US/1.0/,Nauvoo (Ill.); Hancock County (Ill.); Illinois,40.5498127,-91.3834517,"Young, Brigham, 1801-1877--Homes and haunts--Photographs; Nauvoo (Ill.)--Photographs; Church of Jesus Christ of Latter-day Saints--History--Photographs",Image/StillImage,"Black and white stereograph of the house of Brigham Young, second President of the Church of Jesus Christ of Latter-day Saints, in Nauvoo, Illinois.",,,https://collections.lib.utah.edu/dl_thumbs/31/c2/31c22001d04fcb7b1d8de37cbfb2ff55df06505a.jpg
2392709,Home_of_President_John_Taylor_Nauvoo_Illinois_facing_east_.jpg,"Home of President John Taylor, Nauvoo, Illinois (facing east)",ark:/87278/s61ct2fx,https://collections.lib.utah.edu/ark:/87278/s61ct2fx,P0716 Utah history stereographs photograph collection,Underwood & Underwood,1904,"Black and white stereograph of the house of John Taylor, later President of the Church of Jesus Christ of Latter-day Saints, in Nauvoo, Illinois.",https://archiveswest.orbiscascade.org/ark:80444/xv172074,image/jpeg,P0716n01_03_006,http://rightsstatements.org/vocab/NoC-US/1.0/,Nauvoo (Ill.); Hancock County (Ill.); Illinois,40.5498127,-91.3834517,"Taylor, John, 1808-1887--Homes and haunts--Photographs; Nauvoo (Ill.)--Photographs; Church of Jesus Christ of Latter-day Saints--History--Photographs",Image/StillImage,"Black and white stereograph of the house of John Taylor, later President of the Church of Jesus Christ of Latter-day Saints, in Nauvoo, Illinois.",,,https://collections.lib.utah.edu/dl_thumbs/45/5b/455b556d5ab7b8ddfb69f59a92da235d514c97a9.jpg
2392710,Nauvoo_mansion_home_of_Joseph_Smith_from_which_murdered_brothers_were_buried_Nauvoo_Ill_.jpg,"Nauvoo mansion, home of Joseph Smith, from which murdered brothers were buried, Nauvoo, Ill.",ark:/87278/s66xs7tj,https://collections.lib.utah.edu/ark:/87278/s66xs7tj,P0716 Utah history stereographs photograph collection,Underwood & Underwood,1904,"Black and white stereograph of the mansion of Joseph Smith, President of the Church of Jesus Christ of Latter-day Saints, in Nauvoo, Illinois.",https://archiveswest.orbiscascade.org/ark:80444/xv172074,image/jpeg,P0716n01_03_007,http://rightsstatements.org/vocab/NoC-US/1.0/,Nauvoo (Ill.); Hancock County (Ill.); Illinois,40.5498127,-91.3834517,"Smith, Joseph, Jr., 1805-1844--Homes and haunts--Photographs; Nauvoo (Ill.)--Photographs; Church of Jesus Christ of Latter-day Saints--History--Photographs",Image/StillImage,"Black and white stereograph of the mansion of Joseph Smith, President of the Church of Jesus Christ of Latter-day Saints, in Nauvoo, Illinois.",,,https://collections.lib.utah.edu/dl_thumbs/57/f3/57f35d1c0eef97183e275ef80a977951805dc7d7.jpg
2392711,Old_Smith_homestead_Emma_Smith_s_grave_and_lot_where_murdered_brothers_were_buried_Nauvoo_Ill_.jpg,"Old Smith homestead, Emma Smith's grave, and lot where murdered brothers were buried, Nauvoo, Ill.",ark:/87278/s6cqqd7h,https://collections.lib.utah.edu/ark:/87278/s6cqqd7h,P0716 Utah history stereographs photograph collection,Underwood & Underwood,1904,"Black and white stereograph of the Smith homestead in Nauvoo, Illinois, with the grave of Emma Smith in foreground.",https://archiveswest.orbiscascade.org/ark:80444/xv172074,image/jpeg,P0716n01_03_008,http://rightsstatements.org/vocab/NoC-US/1.0/,Nauvoo (Ill.); Hancock County (Ill.); Illinois,40.5498127,-91.3834517,"Smith, Joseph, Jr., 1805-1844--Homes and haunts--Photographs; Nauvoo (Ill.)--Photographs; Church of Jesus Christ of Latter-day Saints--History--Photographs",Image/StillImage,"Black and white stereograph of the Smith homestead in Nauvoo, Illinois, with the grave of Emma Smith in foreground.",,,https://collections.lib.utah.edu/dl_thumbs/0a/b5/0ab5e33cc8153e57f3d330bd9686c21d280f204d.jpg
2392712,Jailor_s_parlor_where_mob_slew_Joseph_and_Hyrum_Smith_bullet_hole_in_door_old_jail_Carthage_Ill_.jpg,"Jailor's parlor, where mob slew Joseph and Hyrum Smith--bullet hole in door--old jail, Carthage, Ill.",ark:/87278/s6xabxbx,https://collections.lib.utah.edu/ark:/87278/s6xabxbx,P0716 Utah history stereographs photograph collection,Underwood & Underwood,1904,"Black and white stereograph of the parlor of the jail in Carthage, Illinois, site of a mob's fatal attack of Joseph and Hyrum Smith in June 1844.",https://archiveswest.orbiscascade.org/ark:80444/xv172074,image/jpeg,P0716n01_04_001,http://rightsstatements.org/vocab/NoC-US/1.0/,Cathage (Ill.); Hancock County (Ill.); Illinois,40.416433,-91.1362537,Carthage (Ill.)--Photographs; Church of Jesus Christ of Latter-day Saints--History--Photographs,Image/StillImage,"Black and white stereograph of the parlor of the jail in Carthage, Illinois, site of a mob's fatal attack of Joseph and Hyrum Smith in June 1844.",,,https://collections.lib.utah.edu/dl_thumbs/30/a1/30a1d59e86703a772ae9a60eceba05e688b09299.jpg
2392713,East_side_of_jail_showing_window_where_Joseph_Smith_was_shot_and_from_which_he_fell_Carthage_Ill_.jpg,"East side of jail showing window where Joseph Smith was shot and from which he fell, Carthage, Ill.",ark:/87278/s6rajf2c,https://collections.lib.utah.edu/ark:/87278/s6rajf2c,P0716 Utah history stereographs photograph collection,Underwood & Underwood,1904,"Black and white stereograph of the east side of the jail in Carthage, Illinois, including the window where Joseph Smith was shot in June 1844.",https://archiveswest.orbiscascade.org/ark:80444/xv172074,image/jpeg,P0716n01_04_002,http://rightsstatements.org/vocab/NoC-US/1.0/,Cathage (Ill.); Hancock (Ill.),40.416433,-91.1362537,Carthage (Ill.)--Photographs; Church of Jesus Christ of Latter-day Saints--History--Photographs,Image/StillImage,"Black and white stereograph of the east side of the jail in Carthage, Illinois, including the window where Joseph Smith was shot in June 1844.",,,https://collections.lib.utah.edu/dl_thumbs/04/40/0440e12c002dc267f625353153fc3679780e1d91.jpg
2392714,Old_jail_where_the_Prophet_Joseph_Smith_and_his_brother_Hyrum_were_murdered_south_front_Carthage_Ill_.jpg,"Old jail where the Prophet Joseph Smith and his brother Hyrum were murdered (south front), Carthage, Ill.",ark:/87278/s6xt4fk8,https://collections.lib.utah.edu/ark:/87278/s6xt4fk8,P0716 Utah history stereographs photograph collection,Underwood & Underwood,1904,"Black and white stereograph of the jail in Carthage, Illinois, where a mob murdered Joseph and Hyrum Smith in June 1844.",https://archiveswest.orbiscascade.org/ark:80444/xv172074,image/jpeg,P0716n01_04_003,http://rightsstatements.org/vocab/NoC-US/1.0/,Cathage (Ill.); Hancock (Ill.),40.416433,-91.1362537,Carthage (Ill.)--Photographs; Church of Jesus Christ of Latter-day Saints--History--Photographs,Image/StillImage,"Black and white stereograph of the jail in Carthage, Illinois, where a mob murdered Joseph and Hyrum Smith in June 1844.",,,https://collections.lib.utah.edu/dl_thumbs/bd/f2/bdf20070cc7a3a92f4149801abe8368c107a63a0.jpg
2392715,Hall_door_to_debtor_s_prison_stairway_ascended_by_mob_and_door_to_main_prison_jail_Carthage_Ill_.jpg,"Hall, door to debtor's prison, stairway ascended by mob, and door to main prison, jail, Carthage, Ill.",ark:/87278/s6s0m2ha,https://collections.lib.utah.edu/ark:/87278/s6s0m2ha,P0716 Utah history stereographs photograph collection,Underwood & Underwood,1904,"Black and white stereograph of the interior of the jail in Carthage, Illinois, including the stairway that a mob ascended before murdering Joseph and Hyrum Smith in June 1844.",https://archiveswest.orbiscascade.org/ark:80444/xv172074,image/jpeg,P0716n01_04_004,http://rightsstatements.org/vocab/NoC-US/1.0/,Cathage (Ill.); Hancock (Ill.),40.416433,-91.1362537,Carthage (Ill.)--Photographs; Church of Jesus Christ of Latter-day Saints--History--Photographs,Image/StillImage,"Black and white stereograph of the interior of the jail in Carthage, Illinois, including the stairway that a mob ascended before murdering Joseph and Hyrum Smith in June 1844.",,,https://collections.lib.utah.edu/dl_thumbs/52/43/5243434d400ff00c4f8ca4469ee1f91c77ae9011.jpg
2392716,Court_house_scene_of_trial_of_the_murderers_of_Joseph_and_Hyrum_Smith_Carthage_Ill_.jpg,"Court house, scene of trial of the murderers of Joseph and Hyrum Smith, Carthage, Ill.",ark:/87278/s6tqdnr4,https://collections.lib.utah.edu/ark:/87278/s6tqdnr4,P0716 Utah history stereographs photograph collection,Underwood & Underwood,1904,"Black and white stereograph of the court house in Carthage, Illinois, scene of the trial of the murderers of Joseph and Hyrum Smith,",https://archiveswest.orbiscascade.org/ark:80444/xv172074,image/jpeg,P0716n01_04_005,http://rightsstatements.org/vocab/NoC-US/1.0/,Cathage (Ill.); Hancock (Ill.),40.416433,-91.1362537,Carthage (Ill.)--Photographs; Church of Jesus Christ of Latter-day Saints--History--Photographs,Image/StillImage,"Black and white stereograph of the court house in Carthage, Illinois, scene of the trial of the murderers of Joseph and Hyrum Smith,",,,https://collections.lib.utah.edu/dl_thumbs/f2/99/f299a1ac5fc4430d0dc9d78090a01c376d8dac18.jpg
2392717,Great_temple_and_the_Tabernacle_Salt_Lake_City_Utah.pdf,"Great temple and the Tabernacle, Salt Lake City, Utah",ark:/87278/s613zk04,https://collections.lib.utah.edu/ark:/87278/s613zk04,P0716 Utah history stereographs photograph collection,Underwood & Underwood,1904,"Black and white stereograph of Temple Square in Salt Lake City, with the Temple and Tabernacle.",https://archiveswest.orbiscascade.org/ark:80444/xv172074,application/pdf,P0716n01_05_001,http://rightsstatements.org/vocab/NoC-US/1.0/,Salt Lake City (Utah); Salt Lake County (Utah),40.7605601,-111.8881397,"Temple Square (Salt Lake City, Utah)--Photographs; Latter Day Saint temples--Utah--Salt Lake City--Photographs; Tabernacle (Salt Lake City, Utah)--Photographs); Salt Lake City ( Utah)--Photographs; Church of Jesus Christ of Latter-day Saints--History--Photographs",Image/StillImage,"Black and white stereograph of Temple Square in Salt Lake City, with the Temple and Tabernacle.",,,https://collections.lib.utah.edu/dl_thumbs/cf/a2/cfa21d65cfe92c71f3daa8d6b09f6723be12baea.jpg
2392718,Pioneer_monument_in_honor_of_Brigham_Young_and_the_pioneers_of_July_24_1847_Salt_Lake_City_Utah.jpg,"Pioneer monument in honor of Brigham Young and the pioneers of July 24, 1847, Salt Lake City, Utah",ark:/87278/s6kynft3,https://collections.lib.utah.edu/ark:/87278/s6kynft3,P0716 Utah history stereographs photograph collection,Underwood & Underwood,1904,"Black and white stereograph of the pioneer monument and Brigham Young statue at the intersection of South Temple and Main streets in downdown Salt Lake City, Utah.",https://archiveswest.orbiscascade.org/ark:80444/xv172074,image/jpeg,P0716n01_05_002,http://rightsstatements.org/vocab/NoC-US/1.0/,Salt Lake City (Utah); Salt Lake County (Utah),40.7605601,-111.8881397,"Young, Brigham, 1801-1877--Monuments--Photographs; Church of Jesus Christ of Latter-day Saints--History--Photographs; Salt Lake City (Utah)--Photographs",Image/StillImage,"Black and white stereograph of the pioneer monument and Brigham Young statue at the intersection of South Temple and Main streets in downdown Salt Lake City, Utah.",,,https://collections.lib.utah.edu/dl_thumbs/c8/b2/c8b27e897bdd283bed5d4322cbb560d68858c3c7.jpg
2392719,Pride_of_the_Mormons_temple_and_Tabernacle_Salt_Lake_City_Utah.pdf,"Pride of the Mormons, temple and Tabernacle, Salt Lake City, Utah",ark:/87278/s6tceg4k,https://collections.lib.utah.edu/ark:/87278/s6tceg4k,P0716 Utah history stereographs photograph collection,Underwood & Underwood,1904,"Black and white stereograph of Temple Square in Salt Lake City, with the Temple and Tabernacle.",https://archiveswest.orbiscascade.org/ark:80444/xv172074,application/pdf,P0716n01_05_003,http://rightsstatements.org/vocab/NoC-US/1.0/,Salt Lake City (Utah); Salt Lake County (Utah),40.7605601,-111.8881397,"Temple Square (Salt Lake City, Utah)--Photographs; Latter Day Saint temples--Utah--Salt Lake City--Photographs; Tabernacle (Salt Lake City, Utah)--Photographs; Salt Lake City (Utah)--Photographs; Church of Jesus Christ of Latter-day Saints--History--Photographs",Image/StillImage,"Black and white stereograph of Temple Square in Salt Lake City, with the Temple and Tabernacle.",,,https://collections.lib.utah.edu/dl_thumbs/a7/bd/a7bd8e4852729cd50afda3b1cc5efd15a7fecfe5.jpg
2392720,Court_House_City_and_County_Building_Salt_Lake_City_Utah.jpg,"Court House, City and County Building, Salt Lake City, Utah",ark:/87278/s6vnpe3h,https://collections.lib.utah.edu/ark:/87278/s6vnpe3h,P0716 Utah history stereographs photograph collection,Underwood & Underwood,1904,"Black and white stereograph of the City and County Building, government center in Salt Lake City, Utah.",https://archiveswest.orbiscascade.org/ark:80444/xv172074,image/jpeg,P0716n01_05_004,http://rightsstatements.org/vocab/NoC-US/1.0/,Salt Lake City (Utah); Salt Lake County (Utah),40.7605601,-111.8881397,Public buildings--Utah--Salt Lake City--Photographs; City halls--Utah--Salt Lake City--Photographs; Salt Lake City (Utah)--Photographs,Image/StillImage,"Black and white stereograph of the City and County Building, government center in Salt Lake City, Utah.",,,https://collections.lib.utah.edu/dl_thumbs/b4/d5/b4d5bdb087b5803703a2fa979243d297014e214c.jpg
2392721,Looking_south_along_Main_Street_Salt_Lake_City_Utah.jpg,"Looking south along Main Street, Salt Lake City, Utah",ark:/87278/s65a3zj0,https://collections.lib.utah.edu/ark:/87278/s65a3zj0,P0716 Utah history stereographs photograph collection,Underwood & Underwood,1904,"Black and white stereograph of a view looking south along Main Street, Salt Lake City, Utah.",https://archiveswest.orbiscascade.org/ark:80444/xv172074,image/jpeg,P0716n01_05_005,http://rightsstatements.org/vocab/NoC-US/1.0/,Salt Lake City (Utah); Salt Lake County (Utah),40.7605601,-111.8881397,"Main Street (Salt Lake City, Utah)--Photographs; Salt Lake City (Utah)--History--Photographs",Image/StillImage,"Black and white stereograph of a view looking south along Main Street, Salt Lake City, Utah.",,,https://collections.lib.utah.edu/dl_thumbs/bd/6a/bd6ae616702f893fb09aad2725e43fb01c71dd12.jpg
2392722,Organ_and_interior_of_Tabernacle_Salt_Lake_City.jpg,"Organ and interior of Tabernacle, Salt Lake City",ark:/87278/s6dqmhvc,https://collections.lib.utah.edu/ark:/87278/s6dqmhvc,P0716 Utah history stereographs photograph collection,"Savage, C. R. (Charles Roscoe), 1832-1909",1870; 1871; 1872; 1873; 1874; 1875; 1876; 1877; 1878; 1879; 1880,"Black and white stereograph of the organ and the interior of the Tabernacle on Temple Square in Salt Lake City, Utah.",https://archiveswest.orbiscascade.org/ark:80444/xv172074,image/jpeg,P0716n01_05_006,http://rightsstatements.org/vocab/NoC-US/1.0/,Salt Lake City (Utah); Salt Lake County (Utah),40.7605601,-111.8881397,"Tabernacle (Salt Lake City, Utah)--Photographs; Salt Lake City (Utah)--Photographs",Image/StillImage,"Black and white stereograph of the organ and the interior of the Tabernacle on Temple Square in Salt Lake City, Utah.",,,https://collections.lib.utah.edu/dl_thumbs/80/a0/80a0202617d651be28989726d7976c5d31760681.jpg
2392723,Wasatch_Hotel_Salt_Lake_City_Utah.pdf,"Wasatch Hotel, Salt Lake City, Utah",ark:/87278/s6tgzaa2,https://collections.lib.utah.edu/ark:/87278/s6tgzaa2,P0716 Utah history stereographs photograph collection,"Savage, C. R. (Charles Roscoe), 1832-1909",1870; 1871; 1872; 1873; 1874; 1875; 1876; 1877; 1878; 1879; 1880,"Black and white photograph of a drawing of the Wasatch Hotel in Salt Lake City, Utah.",https://archiveswest.orbiscascade.org/ark:80444/xv172074,application/pdf,P0716n01_05_007,http://rightsstatements.org/vocab/NoC-US/1.0/,Salt Lake City (Utah); Salt Lake County (Utah),40.7605601,-111.8881397,Hotels--Utah--Salt Lake City--Photographs; ; Salt Lake City (Utah)--Photographs,Image/StillImage,"Black and white photograph of a drawing of the Wasatch Hotel in Salt Lake City, Utah.",,,https://collections.lib.utah.edu/dl_thumbs/f0/ae/f0aebda8539d89adc6ab3d0b280a301a2ddef712.jpg
2392724,Interior_of_Tabernacle_and_the_great_organ_Salt_Lake_City_Utah.jpg,"Interior of Tabernacle and the great organ, Salt Lake City, Utah",ark:/87278/s6snx4a7,https://collections.lib.utah.edu/ark:/87278/s6snx4a7,P0716 Utah history stereographs photograph collection,Underwood & Underwood,1904,"Black and white stereograph of the organ and the interior of the Tabernacle on Temple Square in Salt Lake City, Utah.",https://archiveswest.orbiscascade.org/ark:80444/xv172074,image/jpeg,P0716n01_06_001,http://rightsstatements.org/vocab/NoC-US/1.0/,Salt Lake City (Utah); Salt Lake County (Utah),40.7605601,-111.8881397,"Tabernacle (Salt Lake City, Utah)--Photographs; Salt Lake City (Utah)--Photographs",Image/StillImage,"Black and white stereograph of the organ and the interior of the Tabernacle on Temple Square in Salt Lake City, Utah.",,,https://collections.lib.utah.edu/dl_thumbs/35/24/35246ffcec665d6de84bbcf0ee46f7c41e718a93.jpg
2392725,Interior_of_the_Tabernacle_Salt_Lake_City_Utah.pdf,"Interior of the Tabernacle, Salt Lake City, Utah",ark:/87278/s6cbs0aq,https://collections.lib.utah.edu/ark:/87278/s6cbs0aq,P0716 Utah history stereographs photograph collection,"Carter, C. W.",1870; 1871; 1872; 1873; 1874; 1875; 1876; 1877; 1878; 1879; 1880; 1881; 1882; 1883; 1884; 1885; 1886; 1887; 1888; 1889; 1890,"Black and white stereograph by C. W. Carter showing the organ and the interior of the Tabernacle on Temple Square in Salt Lake City, Utah.",https://archiveswest.orbiscascade.org/ark:80444/xv172074,application/pdf,P0716n01_06_002,http://rightsstatements.org/vocab/NoC-US/1.0/,Salt Lake City (Utah); Salt Lake County (Utah),40.7605601,-111.8881397,"Tabernacle (Salt Lake City, Utah)--Photographs; Salt Lake City (Utah)--Photographs",Image/StillImage,"Black and white stereograph by C. W. Carter showing the organ and the interior of the Tabernacle on Temple Square in Salt Lake City, Utah.",,,https://collections.lib.utah.edu/dl_thumbs/f2/c8/f2c8837ea015cb8d74d84cacef45b1a4dd1f2122.jpg
2392726,Black_Rock_in_the_Great_Salt_Lake.pdf,"Black Rock, in the Great Salt Lake",ark:/87278/s6dh8p89,https://collections.lib.utah.edu/ark:/87278/s6dh8p89,P0716 Utah history stereographs photograph collection,"Savage, C. R. (Charles Roscoe), 1832-1909",1870; 1871; 1872; 1873; 1874; 1875; 1876; 1877; 1878; 1879; 1880; 1881; 1882; 1883; 1884; 1885; 1886; 1887; 1888; 1889; 1890,"Black and white stereograph by C. R. Savage showing Black Rock, an outcrop at the south end of the Great Salt Lake.  Part of the series, ""Views of the Great West, from the Missouri River to the Pacific Ocean.""",https://archiveswest.orbiscascade.org/ark:80444/xv172074,application/pdf,P0716n01_07_001,http://rightsstatements.org/vocab/NoC-US/1.0/,Salt Lake City (Utah); Salt Lake County (Utah),40.7605601,-111.8881397,Black Rock (Utah : Rock)--Photographs; Great Salt Lake (Utah)--Photographs,Image/StillImage,"Black and white stereograph by C. R. Savage showing Black Rock, an outcrop at the south end of the Great Salt Lake.  Part of the series, ""Views of the Great West, from the Missouri River to the Pacific Ocean.""",,,https://collections.lib.utah.edu/dl_thumbs/83/83/8383c06902f987e6cb805851e0e4ea45372aa7b4.jpg
2392727,Court_House_of_Montana_in_Helena.pdf,"Court House of Montana, in Helena",ark:/87278/s68y1nst,https://collections.lib.utah.edu/ark:/87278/s68y1nst,P0716 Utah history stereographs photograph collection,,1870; 1871; 1872; 1873; 1874; 1875; 1876; 1877; 1878; 1879; 1880; 1881; 1882; 1883; 1884; 1885; 1886; 1887; 1888; 1889; 1890,"Black and white stereograph of an unidentified scene, along with four copies of a color photograph of the court house at Helena, Montana.",https://archiveswest.orbiscascade.org/ark:80444/xv172074,application/pdf,P0716n01_07_002,http://rightsstatements.org/vocab/NoC-US/1.0/,Helena (Mont.); Lewis and Clark County (Mont.); Montana,46.5891452,-112.0391057,Courthouses--Montana--Helena--Photographs,Image/StillImage,"Black and white stereograph of an unidentified scene, along with four copies of a color photograph of the court house at Helena, Montana.",,,https://collections.lib.utah.edu/dl_thumbs/30/b0/30b0b0768b18bf79d79549ecd8f1daab0285741c.jpg
2392728,View_from_the_Emerald_Isle_Emerald_Bay_looking_across_the_bay_to_Emerald_Falls.pdf,"View from the Emerald Isle, Emerald Bay, looking across the bay to Emerald Falls",ark:/87278/s60kat2b,https://collections.lib.utah.edu/ark:/87278/s60kat2b,P0716 Utah history stereographs photograph collection,"Savage, C. R. (Charles Roscoe), 1832-1909",1870; 1871; 1872; 1873; 1874; 1875; 1876; 1877; 1878; 1879; 1880; 1881; 1882; 1883; 1884; 1885; 1886; 1887; 1888; 1889; 1890,"Black and white stereograph by C. R. Savage showing Emerald Bay at Lake Tahoe, California.  Part of the series, ""Views of the Great West, from the Missouri River to the Pacific Ocean.""",https://archiveswest.orbiscascade.org/ark:80444/xv172074,application/pdf,P0716n01_07_003,http://rightsstatements.org/vocab/NoC-US/1.0/,"Emerald Bay State Park (Calif.); El Dorado County (Calif.); California; Tahoe, Lake (Calif. and Nev.)",38.9499894,-120.1082038,"Emerald Bay State Park (Calif.)--Photographs; Tahoe, Lake (Calif. and Nev.)--Photographs",Image/StillImage,"Black and white stereograph by C. R. Savage showing Emerald Bay at Lake Tahoe, California.  Part of the series, ""Views of the Great West, from the Missouri River to the Pacific Ocean.""",,,https://collections.lib.utah.edu/dl_thumbs/12/42/1242f46123296c85da89eefc061a9104a0b7c144.jpg
2392729,liff_House_Seal_Rocks_Pacific_Ocean.pdf,"Cliff House, Seal Rocks & Pacific Ocean",ark:/87278/s6q80zzv,https://collections.lib.utah.edu/ark:/87278/s6q80zzv,P0716 Utah history stereographs photograph collection,"Savage, C. R. (Charles Roscoe), 1832-1909",1870; 1871; 1872; 1873; 1874; 1875; 1876; 1877; 1878; 1879; 1880; 1881; 1882; 1883; 1884; 1885; 1886; 1887; 1888; 1889; 1890,"Black and white stereograph by C. R. Savage showing the Cliff House restaurant and the Seal Rocks on the Pacific coast at San Francisco, California.  Part of the series, ""Views of the Great West, from the Missouri River to the Pacific Ocean.""",https://archiveswest.orbiscascade.org/ark:80444/xv172074,application/pdf,P0716n01_07_004,http://rightsstatements.org/vocab/NoC-US/1.0/,San Francisco (Calif.); California,37.7749295,-122.4194155,San Francisco (Calif.)--Photographs; Restaurants--California--San Francisco--Photographs,Image/StillImage,"Black and white stereograph by C. R. Savage showing the Cliff House restaurant and the Seal Rocks on the Pacific coast at San Francisco, California.  Part of the series, ""Views of the Great West, from the Missouri River to the Pacific Ocean.""",,,https://collections.lib.utah.edu/dl_thumbs/bc/13/bc13b3ec51f9b988dd5c43d7658767c9e1387d98.jpg
2392730,American_River_from_Cape_Horn_California.pdf,"American River, from Cape Horn, California",ark:/87278/s6vh6h22,https://collections.lib.utah.edu/ark:/87278/s6vh6h22,P0716 Utah history stereographs photograph collection,"Savage, C. R. (Charles Roscoe), 1832-1909",1870; 1871; 1872; 1873; 1874; 1875; 1876; 1877; 1878; 1879; 1880; 1881; 1882; 1883; 1884; 1885; 1886; 1887; 1888; 1889; 1890,"Black and white stereograph by C. R. Savage showing a view of the canyon of the American River's North Fork, seen from the railroad at Cape Horn, California.  Part of the series, ""Views of the Great West, from the Missouri River to the Pacific Ocean.""",https://archiveswest.orbiscascade.org/ark:80444/xv172074,application/pdf,P0716n01_07_005,http://rightsstatements.org/vocab/NoC-US/1.0/,American River (Calif.); Placer County (Calif.); California,39.0915751,-120.8039474,American River (Calif.)--Photographs,Image/StillImage,"Black and white stereograph by C. R. Savage showing a view of the canyon of the American River's North Fork, seen from the railroad at Cape Horn, California.  Part of the series, ""Views of the Great West, from the Missouri River to the Pacific Ocean.""",,,https://collections.lib.utah.edu/dl_thumbs/ed/ec/edec74c6a02dd708234be310a630eeef50863153.jpg
2392731,Cascade_Lake_and_Mount_Tallac_west_side_of_Lake_Tahoe_Cal_.pdf,"Cascade Lake and Mount Tallac, west side of Lake Tahoe, Cal.",ark:/87278/s6f2jy3v,https://collections.lib.utah.edu/ark:/87278/s6f2jy3v,P0716 Utah history stereographs photograph collection,"Savage, C. R. (Charles Roscoe), 1832-1909",1870; 1871; 1872; 1873; 1874; 1875; 1876; 1877; 1878; 1879; 1880; 1881; 1882; 1883; 1884; 1885; 1886; 1887; 1888; 1889; 1890,"Black and white stereograph by C. R. Savage showing Cascade Lake and Mount Tallac, in El Dorado County, California, near the south end of Lake Tahoe.  Part of the series, ""Views of the Great West, from the Missouri River to the Pacific Ocean.""",https://archiveswest.orbiscascade.org/ark:80444/xv172074,application/pdf,P0716n01_07_006,http://rightsstatements.org/vocab/NoC-US/1.0/,"El Dorado County (Calif.); California; Tahoe, Lake (Calif. and Nev.)",39.0968493,-120.0323507,Tahoe,Image/StillImage,"Black and white stereograph by C. R. Savage showing Cascade Lake and Mount Tallac, in El Dorado County, California, near the south end of Lake Tahoe.  Part of the series, ""Views of the Great West, from the Missouri River to the Pacific Ocean.""",,,https://collections.lib.utah.edu/dl_thumbs/e2/5e/e25ec164cac967a5fff3aaff4b4b0fadecb6e33b.jpg
2392732,Southern_part_of_Virginia_City_from_the_Combination_shaft_Mount_Davidson_in_the_distance.pdf,"Southern part of Virginia City, from the Combination shaft, Mount Davidson in the distance",ark:/87278/s65ckbtb,https://collections.lib.utah.edu/ark:/87278/s65ckbtb,P0716 Utah history stereographs photograph collection,"Savage, C. R. (Charles Roscoe), 1832-1909",1870; 1871; 1872; 1873; 1874; 1875; 1876; 1877; 1878; 1879; 1880; 1881; 1882; 1883; 1884; 1885; 1886; 1887; 1888; 1889; 1890,"Black and white stereograph by C. R. Savage showing a view of part of Virginia City, Nevada, with Mount Davidson in the distance.  Part of the series, ""Views of the Great West, from the Missouri River to the Pacific Ocean.""",https://archiveswest.orbiscascade.org/ark:80444/xv172074,application/pdf,P0716n01_07_007,http://rightsstatements.org/vocab/NoC-US/1.0/,Virginia City (Nev.); Storey County (Nev.); Nevada,39.3095135,-119.6499793,Virginia City (Nev.)--History--Photographs,Image/StillImage,"Black and white stereograph by C. R. Savage showing a view of part of Virginia City, Nevada, with Mount Davidson in the distance.  Part of the series, ""Views of the Great West, from the Missouri River to the Pacific Ocean.""",,,https://collections.lib.utah.edu/dl_thumbs/60/53/6053de522f5215230bda7c2652df99ed395a83ee.jpg
2392733,Gateway_at_the_Garden_of_the_Gods_Pikes_Peak_in_the_distance_Colorado.pdf,"Gateway at the Garden of the Gods, Pikes Peak in the distance, Colorado",ark:/87278/s6t27vet,https://collections.lib.utah.edu/ark:/87278/s6t27vet,P0716 Utah history stereographs photograph collection,"Savage, C. R. (Charles Roscoe), 1832-1909",1870; 1871; 1872; 1873; 1874; 1875; 1876; 1877; 1878; 1879; 1880; 1881; 1882; 1883; 1884; 1885; 1886; 1887; 1888; 1889; 1890,"Black and white stereograph by C. R. Savage showing a scene at the Garden of the Gods in Colorado Springs, Colorado. Pikes Peak is seen in the distance.  Part of the series, ""Views of the Great West, from the Missouri River to the Pacific Ocean.""",https://archiveswest.orbiscascade.org/ark:80444/xv172074,application/pdf,P0716n01_07_008,http://rightsstatements.org/vocab/NoC-US/1.0/,Colorado Springs (Colo.); El Paso County (Colo.); Colorado,38.8353142,-104.8216009,"Garden of the Gods (Colorado Springs, Colo.)--Photographs",Image/StillImage,"Black and white stereograph by C. R. Savage showing a scene at the Garden of the Gods in Colorado Springs, Colorado. Pikes Peak is seen in the distance.  Part of the series, ""Views of the Great West, from the Missouri River to the Pacific Ocean.""",,,https://collections.lib.utah.edu/dl_thumbs/a7/87/a78745561ee829359eb98c56409643a8255da390.jpg
2392734,Devil_s_Gate_Bridge.pdf,Devil's Gate Bridge,ark:/87278/s6qqa92h,https://collections.lib.utah.edu/ark:/87278/s6qqa92h,P0716 Utah history stereographs photograph collection,"Savage, C. R. (Charles Roscoe), 1832-1909",1870; 1871; 1872; 1873; 1874; 1875; 1876; 1877; 1878; 1879; 1880; 1881; 1882; 1883; 1884; 1885; 1886; 1887; 1888; 1889; 1890,"Black and white stereograph by C. R. Savage showing the railroad bridge over the Sweetwater River at Devils Gate in Natrona County, Wyoming.  Part of the series, ""Views of the Great West, from the Missouri River to the Pacific Ocean.""",https://archiveswest.orbiscascade.org/ark:80444/xv172074,application/pdf,P0716n01_07_009,http://rightsstatements.org/vocab/NoC-US/1.0/,Devil's Gate (Wyo.); Sweetwater River (Wyo.); Natrona County (Wyo.); Wyoming,42.506904,-107.0600536,Devil's Gate (Wyo.)--Photographs; Railroads--Wyoming--Photographs,Image/StillImage,"Black and white stereograph by C. R. Savage showing the railroad bridge over the Sweetwater River at Devils Gate in Natrona County, Wyoming.  Part of the series, ""Views of the Great West, from the Missouri River to the Pacific Ocean.""",,,https://collections.lib.utah.edu/dl_thumbs/54/81/548121fda51311ff701cdd555f9faa13c943501e.jpg
2392735,East_side_East_Temple_Street.pdf,East side East Temple Street,ark:/87278/s60qjm1s,https://collections.lib.utah.edu/ark:/87278/s60qjm1s,P0716 Utah history stereographs photograph collection,"Savage, C. R. (Charles Roscoe), 1832-1909",1870; 1871; 1872; 1873; 1874; 1875; 1876; 1877; 1878; 1879; 1880; 1881; 1882; 1883; 1884; 1885; 1886; 1887; 1888; 1889; 1890,"Black and white stereograph by C. R. Savage showing the East side of East Temple (now Main) Street in downtown Salt Lake City, Utah, in the late 19th century.  Part of the series, ""Views of the Great West, from the Missouri River to the Pacific Ocean.""",https://archiveswest.orbiscascade.org/ark:80444/xv172074,application/pdf,P0716n01_07_010,http://rightsstatements.org/vocab/NoC-US/1.0/,Salt Lake City (Utah); Salt Lake County (Utah),40.7605601,-111.8881397,"Main Street (Salt Lake City, Utah)--Photographs; Salt Lake City (Utah)--History--Photographs",Image/StillImage,"Black and white stereograph by C. R. Savage showing the East side of East Temple (now Main) Street in downtown Salt Lake City, Utah, in the late 19th century.  Part of the series, ""Views of the Great West, from the Missouri River to the Pacific Ocean.""",,,https://collections.lib.utah.edu/dl_thumbs/1b/6c/1b6c1938f8d86433c4be98bbcc2e33144464e6da.jpg
2392736,Upper_Twin_Lake_head_waters_Big_Cottonwood_Canyon.pdf,"Upper Twin Lake, head-waters, Big Cottonwood Canyon",ark:/87278/s6vrraad,https://collections.lib.utah.edu/ark:/87278/s6vrraad,P0716 Utah history stereographs photograph collection,"Savage, C. R. (Charles Roscoe), 1832-1909",1870; 1871; 1872; 1873; 1874; 1875; 1876; 1877; 1878; 1879; 1880; 1881; 1882; 1883; 1884; 1885; 1886; 1887; 1888; 1889; 1890,"Black and white stereograph by C. R. Savage showing Upper Twin Lake, headwaters of Big Cottonwood Creek in the Wasatch Mountains, Salt Lake County, Utah.  Part of the series, ""Views of the Great West, from the Missouri River to the Pacific Ocean.""",https://archiveswest.orbiscascade.org/ark:80444/xv172074,application/pdf,P0716n01_07_011,http://rightsstatements.org/vocab/NoC-US/1.0/,"Big Cottonwood Canyon (Salt Lake County, Utah); Salt Lake County (Utah)",40.637269,-111.6330126,"Lakes--Utah--Salt Lake County--Photographs; Big Cottonwood Canyon (Salt Lake County, Utah)--Photographs",Image/StillImage,"Black and white stereograph by C. R. Savage showing Upper Twin Lake, headwaters of Big Cottonwood Creek in the Wasatch Mountains, Salt Lake County, Utah.  Part of the series, ""Views of the Great West, from the Missouri River to the Pacific Ocean.""",,,https://collections.lib.utah.edu/dl_thumbs/21/01/21011609dc57e70637a5973b2db380fc5fa29f3c.jpg
2392737,Ontario_S_M_Co_s_mill_Ontario_Gulch_Parley_s_Park.pdf,"Ontario S.M. Co's mill, Ontario Gulch, Parley's Park",ark:/87278/s6w8cank,https://collections.lib.utah.edu/ark:/87278/s6w8cank,P0716 Utah history stereographs photograph collection,"Savage, C. R. (Charles Roscoe), 1832-1909",1870; 1871; 1872; 1873; 1874; 1875; 1876; 1877; 1878; 1879; 1880; 1881; 1882; 1883; 1884; 1885; 1886; 1887; 1888; 1889; 1890,"Black and white stereograph by C. R. Savage showing the mill of the Ontario silver mine near Park City, Utah.  Part of the series, ""Views of the Great West, from the Missouri River to the Pacific Ocean.""",https://archiveswest.orbiscascade.org/ark:80444/xv172074,application/pdf,P0716n01_07_012,http://rightsstatements.org/vocab/NoC-US/1.0/,Park City (Utah); Summit County (Utah),40.6460622,-111.4979729,Mines and mineral resources--Utah--Summit County--Photographs; Park City (Utah)--History--Photographs,Image/StillImage,"Black and white stereograph by C. R. Savage showing the mill of the Ontario silver mine near Park City, Utah.  Part of the series, ""Views of the Great West, from the Missouri River to the Pacific Ocean.""",,,https://collections.lib.utah.edu/dl_thumbs/b5/f1/b5f1fe28992870f9b84ec1a8bfbcfab2ed9d2ec4.jpg
2392738,Needle_palm_Yucca_brevifolia_growing_on_the_desert_south_of_St_George_southern_Utah.pdf,"Needle palm (Yucca brevifolia), growing on the desert south of St. George, southern Utah",ark:/87278/s66nm5wa,https://collections.lib.utah.edu/ark:/87278/s66nm5wa,P0716 Utah history stereographs photograph collection,"Savage, C. R. (Charles Roscoe), 1832-1909",1870; 1871; 1872; 1873; 1874; 1875; 1876; 1877; 1878; 1879; 1880; 1881; 1882; 1883; 1884; 1885; 1886; 1887; 1888; 1889; 1890,"Black and white stereograph by C. R. Savage showing Joshua trees (Yucca brevifolia) growing in the desert of Washington County, Utah, south of Saint George.  Part of the series, ""Views of the Great West, from the Missouri River to the Pacific Ocean.""",https://archiveswest.orbiscascade.org/ark:80444/xv172074,application/pdf,P0716n01_07_013,http://rightsstatements.org/vocab/NoC-US/1.0/,Washington County (Utah),37.3224877,-113.4776098,Joshua tree--Photographs; Desert plants--Utah--Washington County--Photographs,Image/StillImage,"Black and white stereograph by C. R. Savage showing Joshua trees (Yucca brevifolia) growing in the desert of Washington County, Utah, south of Saint George.  Part of the series, ""Views of the Great West, from the Missouri River to the Pacific Ocean.""",,,https://collections.lib.utah.edu/dl_thumbs/8b/b9/8bb9aa9642634fd6a8f446dc83587166d5546bf5.jpg
2392739,Jutting_rock_American_Fork_Canon_on_line_of_American_Fork_narrow_gauge_R_R_.pdf,"Jutting rock, American Fork Canon, on line of American Fork narrow gauge R.R.",ark:/87278/s6d6yrw5,https://collections.lib.utah.edu/ark:/87278/s6d6yrw5,P0716 Utah history stereographs photograph collection,"Savage, C. R. (Charles Roscoe), 1832-1909",1870; 1871; 1872; 1873; 1874; 1875; 1876; 1877; 1878; 1879; 1880; 1881; 1882; 1883; 1884; 1885; 1886; 1887; 1888; 1889; 1890,"Black and white stereograph by C. R. Savage showing a narrow-gauge railroad in a narrow portion of American Fork Canyon in Utah County, Utah.  Part of the series, ""Views of the Great West, from the Missouri River to the Pacific Ocean.""",https://archiveswest.orbiscascade.org/ark:80444/xv172074,application/pdf,P0716n01_07_014,http://rightsstatements.org/vocab/NoC-US/1.0/,American Fork Canyon (Utah); Utah County (Utah),40.4336333,-111.7390882,American Fork Canyon (Utah)--Photographs; Railroads--Utah--Utah County--Photographs,Image/StillImage,"Black and white stereograph by C. R. Savage showing a narrow-gauge railroad in a narrow portion of American Fork Canyon in Utah County, Utah.  Part of the series, ""Views of the Great West, from the Missouri River to the Pacific Ocean.""",,,https://collections.lib.utah.edu/dl_thumbs/e8/5d/e85dc140a439ccf91c048319e7771f06d5968d41.jpg
2392740,Telegraph_mining_works_Bingham_Canyon_winter.pdf,"Telegraph mining works, Bingham Canyon, winter",ark:/87278/s6msey4v,https://collections.lib.utah.edu/ark:/87278/s6msey4v,P0716 Utah history stereographs photograph collection,"Savage, C. R. (Charles Roscoe), 1832-1909",1870; 1871; 1872; 1873; 1874; 1875; 1876; 1877; 1878; 1879; 1880; 1881; 1882; 1883; 1884; 1885; 1886; 1887; 1888; 1889; 1890,"Black and white stereograph by C. R. Savage showing a winter scene at the Telegraph mine in Bingham Canyon, Salt Lake County, Utah.  Part of the series, ""Views of the Great West, from the Missouri River to the Pacific Ocean.""",https://archiveswest.orbiscascade.org/ark:80444/xv172074,application/pdf,P0716n01_07_015,http://rightsstatements.org/vocab/NoC-US/1.0/,Bingham (Utah); Salt Lake County (Utah),40.5586708,-112.1315721,Mines and mineral resources--Utah--Salt Lake County--Photographs; Bingham (Utah)--History--Photographs,Image/StillImage,"Black and white stereograph by C. R. Savage showing a winter scene at the Telegraph mine in Bingham Canyon, Salt Lake County, Utah.  Part of the series, ""Views of the Great West, from the Missouri River to the Pacific Ocean.""",,,https://collections.lib.utah.edu/dl_thumbs/09/4c/094c6a2496b2681562400c5a46d71928fff3a49a.jpg
2392741,Hanging_Rock_American_Fork_Canyon_looking_west.pdf,"Hanging Rock, American Fork Canyon, looking west",ark:/87278/s666fkk6,https://collections.lib.utah.edu/ark:/87278/s666fkk6,P0716 Utah history stereographs photograph collection,"Savage, C. R. (Charles Roscoe), 1832-1909",1870; 1871; 1872; 1873; 1874; 1875; 1876; 1877; 1878; 1879; 1880; 1881; 1882; 1883; 1884; 1885; 1886; 1887; 1888; 1889; 1890,"Black and white stereograph by C. R. Savage showing a narrow-gauge railroad in a narrow portion of American Fork Canyon in Utah County, Utah.  Part of the series, ""Views of the Great West, from the Missouri River to the Pacific Ocean.""",https://archiveswest.orbiscascade.org/ark:80444/xv172074,application/pdf,P0716n01_07_016,http://rightsstatements.org/vocab/NoC-US/1.0/,American Fork Canyon (Utah); Utah County (Utah),40.4336333,-111.7390882,American Fork Canyon (Utah)--Photographs; Railroads--Utah--Utah County--Photographs,Image/StillImage,"Black and white stereograph by C. R. Savage showing a narrow-gauge railroad in a narrow portion of American Fork Canyon in Utah County, Utah.  Part of the series, ""Views of the Great West, from the Missouri River to the Pacific Ocean.""",,,https://collections.lib.utah.edu/dl_thumbs/87/67/87673539ae16c287ffeb71ebcdb7d45a0bc395cd.jpg
2392742,Ogden_from_the_west.pdf,"Ogden, from the west",ark:/87278/s6v63y95,https://collections.lib.utah.edu/ark:/87278/s6v63y95,P0716 Utah history stereographs photograph collection,"Savage, C. R. (Charles Roscoe), 1832-1909",1870; 1871; 1872; 1873; 1874; 1875; 1876; 1877; 1878; 1879; 1880; 1881; 1882; 1883; 1884; 1885; 1886; 1887; 1888; 1889; 1890,"Black and white stereograph by C. R. Savage showing a view of Ogden, Utah, with the Wasatch Mountains in the distance.  Part of the series, ""Views of the Great West, from the Missouri River to the Pacific Ocean.""",https://archiveswest.orbiscascade.org/ark:80444/xv172074,application/pdf,P0716n01_07_017,http://rightsstatements.org/vocab/NoC-US/1.0/,Ogden (Utah); Weber County (Utah),41.2185625,-111.97051,Ogden (Utah)--History--Photographs,Image/StillImage,"Black and white stereograph by C. R. Savage showing a view of Ogden, Utah, with the Wasatch Mountains in the distance.  Part of the series, ""Views of the Great West, from the Missouri River to the Pacific Ocean.""",,,https://collections.lib.utah.edu/dl_thumbs/2f/9b/2f9b2f1e713f3c151fecb16e2ff14f4ad1e05c73.jpg
2392743,Little_Cottonwood_Canyon_looking_down_the_canyon_from_Superior_Gulch.pdf,Little Cottonwood Canyon : looking down the canyon from Superior Gulch,ark:/87278/s6gj5mrr,https://collections.lib.utah.edu/ark:/87278/s6gj5mrr,P0716 Utah history stereographs photograph collection,"Savage, C. R. (Charles Roscoe), 1832-1909",1870; 1871; 1872; 1873; 1874; 1875; 1876; 1877; 1878; 1879; 1880; 1881; 1882; 1883; 1884; 1885; 1886; 1887; 1888; 1889; 1890,Black and white stereograph by C. R. Savage showing a view down Little Cottonwood Canyon from Superior Gulch,https://archiveswest.orbiscascade.org/ark:80444/xv172074,application/pdf,P0716n01_07_018,http://rightsstatements.org/vocab/NoC-US/1.0/,"Little Cottonwood Canyon (Salt Lake County, Utah); Salt Lake County (Utah)",40.5724796,-111.7732325,"Little Cottonwood Canyon (Salt Lake County, Utah)--Photographs",Image/StillImage,Black and white stereograph by C. R. Savage showing a view down Little Cottonwood Canyon from Superior Gulch,,,https://collections.lib.utah.edu/dl_thumbs/0c/cc/0ccc21be420e410745bedbd0c5791634f05be30a.jpg
2392744,Little_Cottonwood_Canyon_Alta_from_the_east.pdf,Little Cottonwood Canyon : Alta from the east,ark:/87278/s6nzs59n,https://collections.lib.utah.edu/ark:/87278/s6nzs59n,P0716 Utah history stereographs photograph collection,"Savage, C. R. (Charles Roscoe), 1832-1909",1870; 1871; 1872; 1873; 1874; 1875; 1876; 1877; 1878; 1879; 1880; 1881; 1882; 1883; 1884; 1885; 1886; 1887; 1888; 1889; 1890,"Black and white stereograph by C. R. Savage showing businesses in the mining camp of Alta in Little Cottonwood Canyon, Salt Lake County, Utah.",https://archiveswest.orbiscascade.org/ark:80444/xv172074,application/pdf,P0716n01_07_019,http://rightsstatements.org/vocab/NoC-US/1.0/,"Alta (Utah); Little Cottonwood Canyon (Salt Lake County, Utah); Salt Lake County (Utah)",40.5896915,-111.6395491,"Alta (Utah)--Photographs; Little Cottonwood Canyon (Salt Lake County, Utah)--Photographs",Image/StillImage,"Black and white stereograph by C. R. Savage showing businesses in the mining camp of Alta in Little Cottonwood Canyon, Salt Lake County, Utah.",,,https://collections.lib.utah.edu/dl_thumbs/8f/fd/8ffd4988d0fc77735708c5a4fc6dc6d2daf126c8.jpg
2392745,Little_Cottonwood_Canyon_Alta.jpg,Little Cottonwood Canyon : Alta,ark:/87278/s6mq70h0,https://collections.lib.utah.edu/ark:/87278/s6mq70h0,P0716 Utah history stereographs photograph collection,"Jackson, William Henry, 1843-1942; W.H. Jackson Photograph and Publishing Co.",1883; 1884; 1885; 1886; 1887; 1888; 1889; 1890; 1891; 1892; 1893; 1894; 1895; 1896; 1897,"Black and white stereograph by C. R. Savage showing buildings in the mining camp of Alta in Little Cottonwood Canyon, Salt Lake County, Utah.",https://archiveswest.orbiscascade.org/ark:80444/xv172074,image/jpeg,P0716n01_07_020,http://rightsstatements.org/vocab/NoC-US/1.0/,"Alta (Utah); Little Cottonwood Canyon (Salt Lake County, Utah); Salt Lake County (Utah)",40.5896915,-111.6395491,"Alta (Utah)--Photographs; Little Cottonwood Canyon (Salt Lake County, Utah)--Photographs",Image/StillImage,"Black and white stereograph by C. R. Savage showing buildings in the mining camp of Alta in Little Cottonwood Canyon, Salt Lake County, Utah.",,,https://collections.lib.utah.edu/dl_thumbs/39/ea/39ea2747f97344a4caecf3db53bc87aea5ff1ab8.jpg
2392746,Little_Cottonwood_Canyon_the_Devil_s_Elbow.jpg,Little Cottonwood Canyon : the Devil's Elbow,ark:/87278/s6qtz256,https://collections.lib.utah.edu/ark:/87278/s6qtz256,P0716 Utah history stereographs photograph collection,"Jackson, William Henry, 1843-1942; W.H. Jackson Photograph and Publishing Co.",1883; 1884; 1885; 1886; 1887; 1888; 1889; 1890; 1891; 1892; 1893; 1894; 1895; 1896; 1897,"Black and white stereograph by W. H. Jackson showing the horse-drawn tram at Devil's Elbow in Little Cottonwood Canyon, Salt Lake County, Utah.",https://archiveswest.orbiscascade.org/ark:80444/xv172074,image/jpeg,P0716n01_07_021,http://rightsstatements.org/vocab/NoC-US/1.0/,"Little Cottonwood Canyon (Salt Lake County, Utah); Salt Lake County (Utah)",40.5724796,-111.7732325,"Little Cottonwood Canyon (Salt Lake County, Utah)--Photographs",Image/StillImage,"Black and white stereograph by W. H. Jackson showing the horse-drawn tram at Devil's Elbow in Little Cottonwood Canyon, Salt Lake County, Utah.",,,https://collections.lib.utah.edu/dl_thumbs/57/52/57528dd8e48d015dff5cc10f20c64d336b79db2b.jpg
2392747,Little_Cottonwood_Canyon_tramway_snow_sheds_Alta.jpg,"Little Cottonwood Canyon : tramway snow sheds, Alta",ark:/87278/s66nj0rx,https://collections.lib.utah.edu/ark:/87278/s66nj0rx,P0716 Utah history stereographs photograph collection,"Jackson, William Henry, 1843-1942; W.H. Jackson Photograph and Publishing Co.",1883; 1884; 1885; 1886; 1887; 1888; 1889; 1890; 1891; 1892; 1893; 1894; 1895; 1896; 1897,"Black and white stereograph by W. H. Jackson showing snowsheds on the tramway at Alta, Little Cottonwood Canyon, Salt Lake County, Utah.",https://archiveswest.orbiscascade.org/ark:80444/xv172074,image/jpeg,P0716n01_07_022,http://rightsstatements.org/vocab/NoC-US/1.0/,"Alta (Utah); Little Cottonwood Canyon (Salt Lake County, Utah); Salt Lake County (Utah)",40.5896915,-111.6395491,"Alta (Utah)--Photographs; Little Cottonwood Canyon (Salt Lake County, Utah)--Photographs",Image/StillImage,"Black and white stereograph by W. H. Jackson showing snowsheds on the tramway at Alta, Little Cottonwood Canyon, Salt Lake County, Utah.",,,https://collections.lib.utah.edu/dl_thumbs/46/03/4603031f0e5f923058a99b8eee4396dd74a3a075.jpg
2392748,Little_Cottonwood_Canyon_looking_down_from_the_Emma_Mine.jpg,Little Cottonwood Canyon : looking down from the Emma Mine,ark:/87278/s6wnkw7a,https://collections.lib.utah.edu/ark:/87278/s6wnkw7a,P0716 Utah history stereographs photograph collection,"Jackson, William Henry, 1843-1942; W.H. Jackson Photograph and Publishing Co.",1883; 1884; 1885; 1886; 1887; 1888; 1889; 1890; 1891; 1892; 1893; 1894; 1895; 1896; 1897,"Black and white stereograph by W. H. Jackson showing the view from the Emma Mine at Alta, Little Cottonwood Canyon, Salt Lake County, Utah.",https://archiveswest.orbiscascade.org/ark:80444/xv172074,image/jpeg,P0716n01_07_023,http://rightsstatements.org/vocab/NoC-US/1.0/,"Alta (Utah); Little Cottonwood Canyon (Salt Lake County, Utah); Salt Lake County (Utah)",40.5896915,-111.6395491,"Alta (Utah)--Photographs; Little Cottonwood Canyon (Salt Lake County, Utah)--Photographs",Image/StillImage,"Black and white stereograph by W. H. Jackson showing the view from the Emma Mine at Alta, Little Cottonwood Canyon, Salt Lake County, Utah.",,,https://collections.lib.utah.edu/dl_thumbs/42/52/4252bfbddceec50696e83473fd2aa2d1b502b9b2.jpg
2392749,Little_Cottonwood_Canyon_granite_bowlders_that_is_boulders_near_Wahsatch.jpg,"Little Cottonwood Canyon : granite bowlders [that is, boulders] near Wahsatch",ark:/87278/s6xfedmx,https://collections.lib.utah.edu/ark:/87278/s6xfedmx,P0716 Utah history stereographs photograph collection,"Jackson, William Henry, 1843-1942; W.H. Jackson Photograph and Publishing Co.",1883; 1884; 1885; 1886; 1887; 1888; 1889; 1890; 1891; 1892; 1893; 1894; 1895; 1896; 1897,"Black and white stereograph by W. H. Jackson showing giant granite boulders near the mouth of Little Cottonwood Canyon, Salt Lake County, Utah.",https://archiveswest.orbiscascade.org/ark:80444/xv172074,image/jpeg,P0716n01_07_024,http://rightsstatements.org/vocab/NoC-US/1.0/,"Little Cottonwood Canyon (Salt Lake County, Utah); Salt Lake County (Utah)",40.5724796,-111.7732325,"Little Cottonwood Canyon (Salt Lake County, Utah)--Photographs",Image/StillImage,"Black and white stereograph by W. H. Jackson showing giant granite boulders near the mouth of Little Cottonwood Canyon, Salt Lake County, Utah.",,,https://collections.lib.utah.edu/dl_thumbs/b6/45/b645e8daf5938fba3397f8cfcbc77d00a970fb8c.jpg
2392750,Little_Cottonwood_Canyon_the_tramway_shed_near_Alta.jpg,Little Cottonwood Canyon : tramway,ark:/87278/s6d5cga0,https://collections.lib.utah.edu/ark:/87278/s6d5cga0,P0716 Utah history stereographs photograph collection,"Jackson, William Henry, 1843-1942; W.H. Jackson Photograph and Publishing Co.",1883; 1884; 1885; 1886; 1887; 1888; 1889; 1890; 1891; 1892; 1893; 1894; 1895; 1896; 1897,"Black and white stereograph by W. H. Jackson showing the horse-drawn tram in Little Cottonwood Canyon, Salt Lake County, Utah.",https://archiveswest.orbiscascade.org/ark:80444/xv172074,image/jpeg,P0716n01_07_025,http://rightsstatements.org/vocab/NoC-US/1.0/,"Little Cottonwood Canyon (Salt Lake County, Utah); Salt Lake County (Utah)",40.5724796,-111.7732325,"Little Cottonwood Canyon (Salt Lake County, Utah)--Photographs",Image/StillImage,"Black and white stereograph by W. H. Jackson showing the horse-drawn tram in Little Cottonwood Canyon, Salt Lake County, Utah.",,,https://collections.lib.utah.edu/dl_thumbs/d8/4d/d84d43166c34a55d58ed42772e3874fc84ad10f1.jpg
2392751,Little_Cottonwood_Canyon_tramway_snow_sheds_Alta.jpg,Little Cottonwood Canyon : the tramway shed near Alta,ark:/87278/s6frjhtv,https://collections.lib.utah.edu/ark:/87278/s6frjhtv,P0716 Utah history stereographs photograph collection,"Jackson, William Henry, 1843-1942; W.H. Jackson Photograph and Publishing Co.",1883; 1884; 1885; 1886; 1887; 1888; 1889; 1890; 1891; 1892; 1893; 1894; 1895; 1896; 1897,"Black and white stereograph by W. H. Jackson showing a snowshed on the horse-drawn tramway in Little Cottonwood Canyon, Salt Lake County, Utah.",https://archiveswest.orbiscascade.org/ark:80444/xv172074,image/jpeg,P0716n01_07_026,http://rightsstatements.org/vocab/NoC-US/1.0/,"Alta (Utah); Little Cottonwood Canyon (Salt Lake County, Utah); Salt Lake County (Utah)",40.5896915,-111.6395491,"Alta (Utah)--Photographs; Little Cottonwood Canyon (Salt Lake County, Utah)--Photographs",Image/StillImage,"Black and white stereograph by W. H. Jackson showing a snowshed on the horse-drawn tramway in Little Cottonwood Canyon, Salt Lake County, Utah.",,,https://collections.lib.utah.edu/dl_thumbs/9d/72/9d728c14d3e199619c055f287511b5ef96660364.jpg
2392752,Little_Cottonwood_Canyon_looking_up_from_near_Wahsatch.jpg,Little Cottonwood Canyon : looking up from near Wahsatch,ark:/87278/s6vcpdq9,https://collections.lib.utah.edu/ark:/87278/s6vcpdq9,P0716 Utah history stereographs photograph collection,"Jackson, William Henry, 1843-1942; W.H. Jackson Photograph and Publishing Co.",1883; 1884; 1885; 1886; 1887; 1888; 1889; 1890; 1891; 1892; 1893; 1894; 1895; 1896; 1897,"Black and white stereograph by W. H. Jackson showing a scene in Little Cottonwood Canyon, Salt Lake County, Utah.",https://archiveswest.orbiscascade.org/ark:80444/xv172074,image/jpeg,P0716n01_07_027,http://rightsstatements.org/vocab/NoC-US/1.0/,"Little Cottonwood Canyon (Salt Lake County, Utah); Salt Lake County (Utah)",40.5724796,-111.7732325,"Little Cottonwood Canyon (Salt Lake County, Utah)--Photographs",Image/StillImage,"Black and white stereograph by W. H. Jackson showing a scene in Little Cottonwood Canyon, Salt Lake County, Utah.",,,https://collections.lib.utah.edu/dl_thumbs/d4/5b/d45b43cf92809e757624c09a91dec51ff68af403.jpg
2392753,Little_Cottonwood_Canyon_Sam_Tai_washing_house.jpg,Little Cottonwood Canyon : Sam Tai washing house,ark:/87278/s6h4cxnd,https://collections.lib.utah.edu/ark:/87278/s6h4cxnd,P0716 Utah history stereographs photograph collection,"Jackson, William Henry, 1843-1942; W.H. Jackson Photograph and Publishing Co.",1883; 1884; 1885; 1886; 1887; 1888; 1889; 1890; 1891; 1892; 1893; 1894; 1895; 1896; 1897,"Black and white stereograph by W. H. Jackson showing buildings including a Chinese laundry at Alta, Little Cottonwood Canyon, Salt Lake County, Utah.",https://archiveswest.orbiscascade.org/ark:80444/xv172074,image/jpeg,P0716n01_07_028,http://rightsstatements.org/vocab/NoC-US/1.0/,"Alta (Utah); Little Cottonwood Canyon (Salt Lake County, Utah); Salt Lake County (Utah)",40.5896915,-111.6395491,"Alta (Utah)--Photographs; Little Cottonwood Canyon (Salt Lake County, Utah)--Photographs",Image/StillImage,"Black and white stereograph by W. H. Jackson showing buildings including a Chinese laundry at Alta, Little Cottonwood Canyon, Salt Lake County, Utah.",,,https://collections.lib.utah.edu/dl_thumbs/04/27/042721782d37a30e2f3510008cb3d3a3d0c087ad.jpg
2392754,Mormon_Temple_in_the_course_of_erection_highest_towers_will_be_225_feet_high.pdf,Mormon Temple in the course of erection : highest towers will be 225 feet high,ark:/87278/s64kbqwg,https://collections.lib.utah.edu/ark:/87278/s64kbqwg,P0716 Utah history stereographs photograph collection,"Savage, C. R. (Charles Roscoe), 1832-1909",1875; 1876; 1877; 1878; 1879; 1880; 1881; 1882; 1883; 1884; 1885; 1886; 1887; 1888; 1889; 1890,"Black and white stereograph by C. R. Savage of the Latter-day Saints temple under construction in Salt Lake City, Utah, probably in the late 1870s or 1880s.  Part of the series, ""Views of the Great West, from the Missouri River to the Pacific Ocean.""",https://archiveswest.orbiscascade.org/ark:80444/xv172074,application/pdf,P0716n01_07_029,http://rightsstatements.org/vocab/NoC-US/1.0/,Salt Lake City (Utah); Salt Lake County (Utah),40.7605601,-111.8881397,"Temple Square (Salt Lake City, Utah)--Photographs; Latter Day Saint temples--Utah--Salt Lake City--Photographs; Church of Jesus Christ of Latter-day Saints--History--Photographs",Image/StillImage,"Black and white stereograph by C. R. Savage of the Latter-day Saints temple under construction in Salt Lake City, Utah, probably in the late 1870s or 1880s.  Part of the series, ""Views of the Great West, from the Missouri River to the Pacific Ocean.""",,,https://collections.lib.utah.edu/dl_thumbs/62/4e/624ec161b8d036a970cffa34665b6011b7a6c213.jpg
2392755,Ogden_and_Wasatch_Mountains_Utah.pdf,"Ogden and Wasatch Mountains, Utah",ark:/87278/s6v9m16w,https://collections.lib.utah.edu/ark:/87278/s6v9m16w,P0716 Utah history stereographs photograph collection,Keystone View Company,1892; 1893; 1894; 1895; 1896; 1897; 1898; 1899; 1900; 1901; 1902; 1903; 1904; 1905; 1906; 1907; 1908; 1909; 1910,"Black and white stereograph of a view of Ogden, Utah, with the Wasatch Mountains in the distance.",https://archiveswest.orbiscascade.org/ark:80444/xv172074,application/pdf,P0716n01_07_030,http://rightsstatements.org/vocab/NoC-US/1.0/,Ogden (Utah); Weber County (Utah),41.2185625,-111.97051,Ogden (Utah)--History--Photographs,Image/StillImage,"Black and white stereograph of a view of Ogden, Utah, with the Wasatch Mountains in the distance.",,,https://collections.lib.utah.edu/dl_thumbs/f0/bf/f0bf24a36d5d6ffeb74a037c85ccc16a994c3518.jpg
2392756,Wayne_Wonderland_near_Bryce_Canyon_Utah.pdf,"Wayne Wonderland, near Bryce Canyon, Utah",ark:/87278/s6j497yv,https://collections.lib.utah.edu/ark:/87278/s6j497yv,P0716 Utah history stereographs photograph collection,Keystone View Company,1892; 1893; 1894; 1895; 1896; 1897; 1898; 1899; 1900; 1901; 1902; 1903; 1904; 1905; 1906; 1907; 1908; 1909; 1910,"Black and white stereograph of a view of cliffs at Capitol Reef in Wayne County, Utah.",https://archiveswest.orbiscascade.org/ark:80444/xv172074,application/pdf,P0716n01_07_031,http://rightsstatements.org/vocab/NoC-US/1.0/,Capitol Reef National Park (Utah); Wayne County (Utah),38.0877312,-111.1354983,Capitol Reef National Park (Utah)--Photographs; Wayne County (Utah)--Photographs,Image/StillImage,"Black and white stereograph of a view of cliffs at Capitol Reef in Wayne County, Utah.",,,https://collections.lib.utah.edu/dl_thumbs/5e/48/5e48329a7a6a31e3febe1fe8657f9065a3251d0a.jpg